| Episode:   1 | Epsilon:  0.90 | Reward:  21.0 | Average Reward: 21.000 | Steps:    21| Total Reward:  21.0|
| Episode:   2 | Epsilon:  0.86 | Reward:  14.0 | Average Reward: 17.500 | Steps:    35| Total Reward:  35.0|
| Episode:   3 | Epsilon:  0.82 | Reward:  12.0 | Average Reward: 15.667 | Steps:    47| Total Reward:  47.0|
| Episode:   4 | Epsilon:  0.79 | Reward:  45.0 | Average Reward: 23.000 | Steps:    92| Total Reward:  92.0|
| Episode:   5 | Epsilon:  0.75 | Reward:  20.0 | Average Reward: 22.400 | Steps:   112| Total Reward: 112.0|
| Episode:   6 | Epsilon:  0.72 | Reward:  15.0 | Average Reward: 21.167 | Steps:   127| Total Reward: 127.0|
| Episode:   7 | Epsilon:  0.69 | Reward:   9.0 | Average Reward: 19.429 | Steps:   136| Total Reward: 136.0|
| Episode:   8 | Epsilon:  0.66 | Reward:  13.0 | Average Reward: 18.625 | Steps:   149| Total Reward: 149.0|
| Episode:   9 | Epsilon:  0.64 | Reward:  23.0 | Average Reward: 19.111 | Steps:   172| Total Reward: 172.0|
| Episode:  10 | Epsilon:  0.61 | Reward:  24.0 | Average Reward: 19.600 | Steps:   196| Total Reward: 196.0|
| Episode:  11 | Epsilon:  0.59 | Reward:  10.0 | Average Reward: 18.727 | Steps:   206| Total Reward: 206.0|
| Episode:  12 | Epsilon:  0.56 | Reward:  19.0 | Average Reward: 18.750 | Steps:   225| Total Reward: 225.0|
| Episode:  13 | Epsilon:  0.54 | Reward:  15.0 | Average Reward: 18.462 | Steps:   240| Total Reward: 240.0|
| Episode:  14 | Epsilon:  0.52 | Reward:  17.0 | Average Reward: 18.357 | Steps:   257| Total Reward: 257.0|
| Episode:  15 | Epsilon:  0.50 | Reward:  16.0 | Average Reward: 18.200 | Steps:   273| Total Reward: 273.0|
| Episode:  16 | Epsilon:  0.48 | Reward:  15.0 | Average Reward: 18.000 | Steps:   288| Total Reward: 288.0|
| Episode:  17 | Epsilon:  0.46 | Reward:  21.0 | Average Reward: 18.176 | Steps:   309| Total Reward: 309.0|
| Episode:  18 | Epsilon:  0.44 | Reward:  14.0 | Average Reward: 17.944 | Steps:   323| Total Reward: 323.0|
| Episode:  19 | Epsilon:  0.43 | Reward:  12.0 | Average Reward: 17.632 | Steps:   335| Total Reward: 335.0|
| Episode:  20 | Epsilon:  0.41 | Reward:  13.0 | Average Reward: 17.400 | Steps:   348| Total Reward: 348.0|
| Episode:  21 | Epsilon:  0.39 | Reward:  10.0 | Average Reward: 17.048 | Steps:   358| Total Reward: 358.0|
| Episode:  22 | Epsilon:  0.38 | Reward:  11.0 | Average Reward: 16.773 | Steps:   369| Total Reward: 369.0|
| Episode:  23 | Epsilon:  0.37 | Reward:  12.0 | Average Reward: 16.565 | Steps:   381| Total Reward: 381.0|
| Episode:  24 | Epsilon:  0.35 | Reward:  11.0 | Average Reward: 16.333 | Steps:   392| Total Reward: 392.0|
| Episode:  25 | Epsilon:  0.34 | Reward:   8.0 | Average Reward: 16.000 | Steps:   400| Total Reward: 400.0|
| Episode:  26 | Epsilon:  0.33 | Reward:   9.0 | Average Reward: 15.731 | Steps:   409| Total Reward: 409.0|
| Episode:  27 | Epsilon:  0.32 | Reward:  14.0 | Average Reward: 15.667 | Steps:   423| Total Reward: 423.0|
| Episode:  28 | Epsilon:  0.31 | Reward:  15.0 | Average Reward: 15.643 | Steps:   438| Total Reward: 438.0|
| Episode:  29 | Epsilon:  0.30 | Reward:  13.0 | Average Reward: 15.552 | Steps:   451| Total Reward: 451.0|
| Episode:  30 | Epsilon:  0.29 | Reward:  10.0 | Average Reward: 15.367 | Steps:   461| Total Reward: 461.0|
| Episode:  31 | Epsilon:  0.28 | Reward:  12.0 | Average Reward: 15.258 | Steps:   473| Total Reward: 473.0|
| Episode:  32 | Epsilon:  0.27 | Reward:  10.0 | Average Reward: 15.094 | Steps:   483| Total Reward: 483.0|
| Episode:  33 | Epsilon:  0.26 | Reward:  10.0 | Average Reward: 14.939 | Steps:   493| Total Reward: 493.0|
| Episode:  34 | Epsilon:  0.25 | Reward:   9.0 | Average Reward: 14.765 | Steps:   502| Total Reward: 502.0|
| Episode:  35 | Epsilon:  0.25 | Reward:  12.0 | Average Reward: 14.686 | Steps:   514| Total Reward: 514.0|
| Episode:  36 | Epsilon:  0.24 | Reward:   9.0 | Average Reward: 14.528 | Steps:   523| Total Reward: 523.0|
| Episode:  37 | Epsilon:  0.23 | Reward:   9.0 | Average Reward: 14.378 | Steps:   532| Total Reward: 532.0|
| Episode:  38 | Epsilon:  0.23 | Reward:  11.0 | Average Reward: 14.289 | Steps:   543| Total Reward: 543.0|
| Episode:  39 | Epsilon:  0.22 | Reward:  11.0 | Average Reward: 14.205 | Steps:   554| Total Reward: 554.0|
| Episode:  40 | Epsilon:  0.21 | Reward:  10.0 | Average Reward: 14.100 | Steps:   564| Total Reward: 564.0|
| Episode:  41 | Epsilon:  0.21 | Reward:  12.0 | Average Reward: 14.049 | Steps:   576| Total Reward: 576.0|
| Episode:  42 | Epsilon:  0.20 | Reward:   9.0 | Average Reward: 13.929 | Steps:   585| Total Reward: 585.0|
| Episode:  43 | Epsilon:  0.20 | Reward:  10.0 | Average Reward: 13.837 | Steps:   595| Total Reward: 595.0|
| Episode:  44 | Epsilon:  0.19 | Reward:  13.0 | Average Reward: 13.818 | Steps:   608| Total Reward: 608.0|
| Episode:  45 | Epsilon:  0.19 | Reward:   9.0 | Average Reward: 13.711 | Steps:   617| Total Reward: 617.0|
| Episode:  46 | Epsilon:  0.18 | Reward:   8.0 | Average Reward: 13.587 | Steps:   625| Total Reward: 625.0|
| Episode:  47 | Epsilon:  0.18 | Reward:   8.0 | Average Reward: 13.468 | Steps:   633| Total Reward: 633.0|
| Episode:  48 | Epsilon:  0.18 | Reward:  11.0 | Average Reward: 13.417 | Steps:   644| Total Reward: 644.0|
| Episode:  49 | Epsilon:  0.17 | Reward:  10.0 | Average Reward: 13.347 | Steps:   654| Total Reward: 654.0|
| Episode:  50 | Epsilon:  0.17 | Reward:   9.0 | Average Reward: 13.260 | Steps:   663| Total Reward: 663.0|
| Episode:  51 | Epsilon:  0.17 | Reward:  10.0 | Average Reward: 13.196 | Steps:   673| Total Reward: 673.0|
| Episode:  52 | Epsilon:  0.16 | Reward:   9.0 | Average Reward: 13.115 | Steps:   682| Total Reward: 682.0|
| Episode:  53 | Epsilon:  0.16 | Reward:  11.0 | Average Reward: 13.075 | Steps:   693| Total Reward: 693.0|
| Episode:  54 | Epsilon:  0.16 | Reward:  14.0 | Average Reward: 13.093 | Steps:   707| Total Reward: 707.0|
| Episode:  55 | Epsilon:  0.15 | Reward:   9.0 | Average Reward: 13.018 | Steps:   716| Total Reward: 716.0|
| Episode:  56 | Epsilon:  0.15 | Reward:   9.0 | Average Reward: 12.946 | Steps:   725| Total Reward: 725.0|
| Episode:  57 | Epsilon:  0.15 | Reward:  10.0 | Average Reward: 12.895 | Steps:   735| Total Reward: 735.0|
| Episode:  58 | Epsilon:  0.15 | Reward:   9.0 | Average Reward: 12.828 | Steps:   744| Total Reward: 744.0|
| Episode:  59 | Epsilon:  0.14 | Reward:  10.0 | Average Reward: 12.780 | Steps:   754| Total Reward: 754.0|
| Episode:  60 | Epsilon:  0.14 | Reward:  11.0 | Average Reward: 12.750 | Steps:   765| Total Reward: 765.0|
| Episode:  61 | Epsilon:  0.14 | Reward:  10.0 | Average Reward: 12.705 | Steps:   775| Total Reward: 775.0|
| Episode:  62 | Epsilon:  0.14 | Reward:  12.0 | Average Reward: 12.694 | Steps:   787| Total Reward: 787.0|
| Episode:  63 | Epsilon:  0.14 | Reward:   9.0 | Average Reward: 12.635 | Steps:   796| Total Reward: 796.0|
| Episode:  64 | Epsilon:  0.13 | Reward:  10.0 | Average Reward: 12.594 | Steps:   806| Total Reward: 806.0|
| Episode:  65 | Epsilon:  0.13 | Reward:   9.0 | Average Reward: 12.538 | Steps:   815| Total Reward: 815.0|
| Episode:  66 | Epsilon:  0.13 | Reward:  11.0 | Average Reward: 12.515 | Steps:   826| Total Reward: 826.0|
| Episode:  67 | Epsilon:  0.13 | Reward:  10.0 | Average Reward: 12.478 | Steps:   836| Total Reward: 836.0|
| Episode:  68 | Epsilon:  0.13 | Reward:  10.0 | Average Reward: 12.441 | Steps:   846| Total Reward: 846.0|
| Episode:  69 | Epsilon:  0.13 | Reward:  11.0 | Average Reward: 12.420 | Steps:   857| Total Reward: 857.0|
| Episode:  70 | Epsilon:  0.13 | Reward:  12.0 | Average Reward: 12.414 | Steps:   869| Total Reward: 869.0|
| Episode:  71 | Epsilon:  0.12 | Reward:  10.0 | Average Reward: 12.380 | Steps:   879| Total Reward: 879.0|
| Episode:  72 | Epsilon:  0.12 | Reward:  12.0 | Average Reward: 12.375 | Steps:   891| Total Reward: 891.0|
| Episode:  73 | Epsilon:  0.12 | Reward:   8.0 | Average Reward: 12.315 | Steps:   899| Total Reward: 899.0|
| Episode:  74 | Epsilon:  0.12 | Reward:  11.0 | Average Reward: 12.297 | Steps:   910| Total Reward: 910.0|
| Episode:  75 | Epsilon:  0.12 | Reward:  10.0 | Average Reward: 12.267 | Steps:   920| Total Reward: 920.0|
| Episode:  76 | Epsilon:  0.12 | Reward:  10.0 | Average Reward: 12.237 | Steps:   930| Total Reward: 930.0|
| Episode:  77 | Epsilon:  0.12 | Reward:  11.0 | Average Reward: 12.221 | Steps:   941| Total Reward: 941.0|
| Episode:  78 | Epsilon:  0.12 | Reward:  11.0 | Average Reward: 12.205 | Steps:   952| Total Reward: 952.0|
| Episode:  79 | Epsilon:  0.12 | Reward:  11.0 | Average Reward: 12.190 | Steps:   963| Total Reward: 963.0|
| Episode:  80 | Epsilon:  0.12 | Reward:   9.0 | Average Reward: 12.150 | Steps:   972| Total Reward: 972.0|
| Episode:  81 | Epsilon:  0.11 | Reward:   9.0 | Average Reward: 12.111 | Steps:   981| Total Reward: 981.0|
| Episode:  82 | Epsilon:  0.11 | Reward:  10.0 | Average Reward: 12.085 | Steps:   991| Total Reward: 991.0|
| Episode:  83 | Epsilon:  0.11 | Reward:  10.0 | Average Reward: 12.060 | Steps:  1001| Total Reward: 1001.0|
| Episode:  84 | Epsilon:  0.11 | Reward:   8.0 | Average Reward: 12.012 | Steps:  1009| Total Reward: 1009.0|
| Episode:  85 | Epsilon:  0.11 | Reward:   9.0 | Average Reward: 11.976 | Steps:  1018| Total Reward: 1018.0|
| Episode:  86 | Epsilon:  0.11 | Reward:  10.0 | Average Reward: 11.953 | Steps:  1028| Total Reward: 1028.0|
| Episode:  87 | Epsilon:  0.11 | Reward:   9.0 | Average Reward: 11.920 | Steps:  1037| Total Reward: 1037.0|
| Episode:  88 | Epsilon:  0.11 | Reward:   9.0 | Average Reward: 11.886 | Steps:  1046| Total Reward: 1046.0|
| Episode:  89 | Epsilon:  0.11 | Reward:  11.0 | Average Reward: 11.876 | Steps:  1057| Total Reward: 1057.0|
| Episode:  90 | Epsilon:  0.11 | Reward:  14.0 | Average Reward: 11.900 | Steps:  1071| Total Reward: 1071.0|
| Episode:  91 | Epsilon:  0.11 | Reward:  10.0 | Average Reward: 11.879 | Steps:  1081| Total Reward: 1081.0|
| Episode:  92 | Epsilon:  0.11 | Reward:  11.0 | Average Reward: 11.870 | Steps:  1092| Total Reward: 1092.0|
| Episode:  93 | Epsilon:  0.11 | Reward:   9.0 | Average Reward: 11.839 | Steps:  1101| Total Reward: 1101.0|
| Episode:  94 | Epsilon:  0.11 | Reward:   9.0 | Average Reward: 11.809 | Steps:  1110| Total Reward: 1110.0|
| Episode:  95 | Epsilon:  0.11 | Reward:  12.0 | Average Reward: 11.811 | Steps:  1122| Total Reward: 1122.0|
| Episode:  96 | Epsilon:  0.11 | Reward:   9.0 | Average Reward: 11.781 | Steps:  1131| Total Reward: 1131.0|
| Episode:  97 | Epsilon:  0.11 | Reward:   9.0 | Average Reward: 11.753 | Steps:  1140| Total Reward: 1140.0|
| Episode:  98 | Epsilon:  0.11 | Reward:  10.0 | Average Reward: 11.735 | Steps:  1150| Total Reward: 1150.0|
| Episode:  99 | Epsilon:  0.11 | Reward:   9.0 | Average Reward: 11.707 | Steps:  1159| Total Reward: 1159.0|
| Episode: 100 | Epsilon:  0.11 | Reward:  10.0 | Average Reward: 11.690 | Steps:  1169| Total Reward: 1169.0|
| Episode: 101 | Epsilon:  0.11 | Reward:   8.0 | Average Reward: 11.560 | Steps:  1177| Total Reward: 1177.0|
| Episode: 102 | Epsilon:  0.11 | Reward:   9.0 | Average Reward: 11.510 | Steps:  1186| Total Reward: 1186.0|
| Episode: 103 | Epsilon:  0.10 | Reward:  13.0 | Average Reward: 11.520 | Steps:  1199| Total Reward: 1199.0|
| Episode: 104 | Epsilon:  0.10 | Reward:   9.0 | Average Reward: 11.160 | Steps:  1208| Total Reward: 1208.0|
| Episode: 105 | Epsilon:  0.10 | Reward:  10.0 | Average Reward: 11.060 | Steps:  1218| Total Reward: 1218.0|
| Episode: 106 | Epsilon:  0.10 | Reward:   9.0 | Average Reward: 11.000 | Steps:  1227| Total Reward: 1227.0|
| Episode: 107 | Epsilon:  0.10 | Reward:  11.0 | Average Reward: 11.020 | Steps:  1238| Total Reward: 1238.0|
| Episode: 108 | Epsilon:  0.10 | Reward:  12.0 | Average Reward: 11.010 | Steps:  1250| Total Reward: 1250.0|
| Episode: 109 | Epsilon:  0.10 | Reward:   9.0 | Average Reward: 10.870 | Steps:  1259| Total Reward: 1259.0|
| Episode: 110 | Epsilon:  0.10 | Reward:   9.0 | Average Reward: 10.720 | Steps:  1268| Total Reward: 1268.0|
| Episode: 111 | Epsilon:  0.10 | Reward:  10.0 | Average Reward: 10.720 | Steps:  1278| Total Reward: 1278.0|
| Episode: 112 | Epsilon:  0.10 | Reward:   9.0 | Average Reward: 10.620 | Steps:  1287| Total Reward: 1287.0|
| Episode: 113 | Epsilon:  0.10 | Reward:  10.0 | Average Reward: 10.570 | Steps:  1297| Total Reward: 1297.0|
| Episode: 114 | Epsilon:  0.10 | Reward:  11.0 | Average Reward: 10.510 | Steps:  1308| Total Reward: 1308.0|
| Episode: 115 | Epsilon:  0.10 | Reward:   9.0 | Average Reward: 10.440 | Steps:  1317| Total Reward: 1317.0|
| Episode: 116 | Epsilon:  0.10 | Reward:  10.0 | Average Reward: 10.390 | Steps:  1327| Total Reward: 1327.0|
| Episode: 117 | Epsilon:  0.10 | Reward:  10.0 | Average Reward: 10.280 | Steps:  1337| Total Reward: 1337.0|
| Episode: 118 | Epsilon:  0.10 | Reward:  10.0 | Average Reward: 10.240 | Steps:  1347| Total Reward: 1347.0|
| Episode: 119 | Epsilon:  0.10 | Reward:   9.0 | Average Reward: 10.210 | Steps:  1356| Total Reward: 1356.0|
| Episode: 120 | Epsilon:  0.10 | Reward:   9.0 | Average Reward: 10.170 | Steps:  1365| Total Reward: 1365.0|
| Episode: 121 | Epsilon:  0.10 | Reward:  10.0 | Average Reward: 10.170 | Steps:  1375| Total Reward: 1375.0|
| Episode: 122 | Epsilon:  0.10 | Reward:  11.0 | Average Reward: 10.170 | Steps:  1386| Total Reward: 1386.0|
| Episode: 123 | Epsilon:  0.10 | Reward:   9.0 | Average Reward: 10.140 | Steps:  1395| Total Reward: 1395.0|
| Episode: 124 | Epsilon:  0.10 | Reward:  10.0 | Average Reward: 10.130 | Steps:  1405| Total Reward: 1405.0|
| Episode: 125 | Epsilon:  0.10 | Reward:  15.0 | Average Reward: 10.200 | Steps:  1420| Total Reward: 1420.0|
| Episode: 126 | Epsilon:  0.10 | Reward:  12.0 | Average Reward: 10.230 | Steps:  1432| Total Reward: 1432.0|
| Episode: 127 | Epsilon:  0.10 | Reward:  11.0 | Average Reward: 10.200 | Steps:  1443| Total Reward: 1443.0|
| Episode: 128 | Epsilon:  0.10 | Reward:   9.0 | Average Reward: 10.140 | Steps:  1452| Total Reward: 1452.0|
| Episode: 129 | Epsilon:  0.10 | Reward:  10.0 | Average Reward: 10.110 | Steps:  1462| Total Reward: 1462.0|
| Episode: 130 | Epsilon:  0.10 | Reward:   9.0 | Average Reward: 10.100 | Steps:  1471| Total Reward: 1471.0|
| Episode: 131 | Epsilon:  0.10 | Reward:   9.0 | Average Reward: 10.070 | Steps:  1480| Total Reward: 1480.0|
| Episode: 132 | Epsilon:  0.10 | Reward:  11.0 | Average Reward: 10.080 | Steps:  1491| Total Reward: 1491.0|
| Episode: 133 | Epsilon:  0.10 | Reward:   9.0 | Average Reward: 10.070 | Steps:  1500| Total Reward: 1500.0|
| Episode: 134 | Epsilon:  0.10 | Reward:  11.0 | Average Reward: 10.090 | Steps:  1511| Total Reward: 1511.0|
| Episode: 135 | Epsilon:  0.10 | Reward:  10.0 | Average Reward: 10.070 | Steps:  1521| Total Reward: 1521.0|
| Episode: 136 | Epsilon:  0.10 | Reward:  12.0 | Average Reward: 10.100 | Steps:  1533| Total Reward: 1533.0|
| Episode: 137 | Epsilon:  0.10 | Reward:   9.0 | Average Reward: 10.100 | Steps:  1542| Total Reward: 1542.0|
| Episode: 138 | Epsilon:  0.10 | Reward:  10.0 | Average Reward: 10.090 | Steps:  1552| Total Reward: 1552.0|
| Episode: 139 | Epsilon:  0.10 | Reward:  10.0 | Average Reward: 10.080 | Steps:  1562| Total Reward: 1562.0|
| Episode: 140 | Epsilon:  0.10 | Reward:  12.0 | Average Reward: 10.100 | Steps:  1574| Total Reward: 1574.0|
| Episode: 141 | Epsilon:  0.10 | Reward:   9.0 | Average Reward: 10.070 | Steps:  1583| Total Reward: 1583.0|
| Episode: 142 | Epsilon:  0.10 | Reward:  10.0 | Average Reward: 10.080 | Steps:  1593| Total Reward: 1593.0|
| Episode: 143 | Epsilon:  0.10 | Reward:  10.0 | Average Reward: 10.080 | Steps:  1603| Total Reward: 1603.0|
| Episode: 144 | Epsilon:  0.10 | Reward:  10.0 | Average Reward: 10.050 | Steps:  1613| Total Reward: 1613.0|
| Episode: 145 | Epsilon:  0.10 | Reward:   9.0 | Average Reward: 10.050 | Steps:  1622| Total Reward: 1622.0|
| Episode: 146 | Epsilon:  0.10 | Reward:  10.0 | Average Reward: 10.070 | Steps:  1632| Total Reward: 1632.0|
| Episode: 147 | Epsilon:  0.10 | Reward:   9.0 | Average Reward: 10.080 | Steps:  1641| Total Reward: 1641.0|
| Episode: 148 | Epsilon:  0.10 | Reward:  10.0 | Average Reward: 10.070 | Steps:  1651| Total Reward: 1651.0|
| Episode: 149 | Epsilon:  0.10 | Reward:  10.0 | Average Reward: 10.070 | Steps:  1661| Total Reward: 1661.0|
| Episode: 150 | Epsilon:  0.10 | Reward:  11.0 | Average Reward: 10.090 | Steps:  1672| Total Reward: 1672.0|
| Episode: 151 | Epsilon:  0.10 | Reward:  11.0 | Average Reward: 10.100 | Steps:  1683| Total Reward: 1683.0|
| Episode: 152 | Epsilon:  0.10 | Reward:  11.0 | Average Reward: 10.120 | Steps:  1694| Total Reward: 1694.0|
| Episode: 153 | Epsilon:  0.10 | Reward:   8.0 | Average Reward: 10.090 | Steps:  1702| Total Reward: 1702.0|
| Episode: 154 | Epsilon:  0.10 | Reward:  10.0 | Average Reward: 10.050 | Steps:  1712| Total Reward: 1712.0|
| Episode: 155 | Epsilon:  0.10 | Reward:  10.0 | Average Reward: 10.060 | Steps:  1722| Total Reward: 1722.0|
| Episode: 156 | Epsilon:  0.10 | Reward:  10.0 | Average Reward: 10.070 | Steps:  1732| Total Reward: 1732.0|
| Episode: 157 | Epsilon:  0.10 | Reward:  11.0 | Average Reward: 10.080 | Steps:  1743| Total Reward: 1743.0|
| Episode: 158 | Epsilon:  0.10 | Reward:  10.0 | Average Reward: 10.090 | Steps:  1753| Total Reward: 1753.0|
| Episode: 159 | Epsilon:  0.10 | Reward:   9.0 | Average Reward: 10.080 | Steps:  1762| Total Reward: 1762.0|
| Episode: 160 | Epsilon:  0.10 | Reward:  12.0 | Average Reward: 10.090 | Steps:  1774| Total Reward: 1774.0|
| Episode: 161 | Epsilon:  0.10 | Reward:  10.0 | Average Reward: 10.090 | Steps:  1784| Total Reward: 1784.0|
| Episode: 162 | Epsilon:  0.10 | Reward:   9.0 | Average Reward: 10.060 | Steps:  1793| Total Reward: 1793.0|
| Episode: 163 | Epsilon:  0.10 | Reward:   9.0 | Average Reward: 10.060 | Steps:  1802| Total Reward: 1802.0|
| Episode: 164 | Epsilon:  0.10 | Reward:   9.0 | Average Reward: 10.050 | Steps:  1811| Total Reward: 1811.0|
| Episode: 165 | Epsilon:  0.10 | Reward:  11.0 | Average Reward: 10.070 | Steps:  1822| Total Reward: 1822.0|
| Episode: 166 | Epsilon:  0.10 | Reward:   9.0 | Average Reward: 10.050 | Steps:  1831| Total Reward: 1831.0|
| Episode: 167 | Epsilon:  0.10 | Reward:   9.0 | Average Reward: 10.040 | Steps:  1840| Total Reward: 1840.0|
| Episode: 168 | Epsilon:  0.10 | Reward:   9.0 | Average Reward: 10.030 | Steps:  1849| Total Reward: 1849.0|
| Episode: 169 | Epsilon:  0.10 | Reward:   9.0 | Average Reward: 10.010 | Steps:  1858| Total Reward: 1858.0|
| Episode: 170 | Epsilon:  0.10 | Reward:  11.0 | Average Reward: 10.000 | Steps:  1869| Total Reward: 1869.0|
| Episode: 171 | Epsilon:  0.10 | Reward:  11.0 | Average Reward: 10.010 | Steps:  1880| Total Reward: 1880.0|
| Episode: 172 | Epsilon:  0.10 | Reward:   9.0 | Average Reward: 9.980 | Steps:  1889| Total Reward: 1889.0|
| Episode: 173 | Epsilon:  0.10 | Reward:  10.0 | Average Reward: 10.000 | Steps:  1899| Total Reward: 1899.0|
| Episode: 174 | Epsilon:  0.10 | Reward:   9.0 | Average Reward: 9.980 | Steps:  1908| Total Reward: 1908.0|
| Episode: 175 | Epsilon:  0.10 | Reward:  10.0 | Average Reward: 9.980 | Steps:  1918| Total Reward: 1918.0|
| Episode: 176 | Epsilon:  0.10 | Reward:  10.0 | Average Reward: 9.980 | Steps:  1928| Total Reward: 1928.0|
| Episode: 177 | Epsilon:  0.10 | Reward:   9.0 | Average Reward: 9.960 | Steps:  1937| Total Reward: 1937.0|
| Episode: 178 | Epsilon:  0.10 | Reward:  10.0 | Average Reward: 9.950 | Steps:  1947| Total Reward: 1947.0|
| Episode: 179 | Epsilon:  0.10 | Reward:  10.0 | Average Reward: 9.940 | Steps:  1957| Total Reward: 1957.0|
| Episode: 180 | Epsilon:  0.10 | Reward:  11.0 | Average Reward: 9.960 | Steps:  1968| Total Reward: 1968.0|
| Episode: 181 | Epsilon:  0.10 | Reward:   9.0 | Average Reward: 9.960 | Steps:  1977| Total Reward: 1977.0|
| Episode: 182 | Epsilon:  0.10 | Reward:  10.0 | Average Reward: 9.960 | Steps:  1987| Total Reward: 1987.0|
| Episode: 183 | Epsilon:  0.10 | Reward:   9.0 | Average Reward: 9.950 | Steps:  1996| Total Reward: 1996.0|
| Episode: 184 | Epsilon:  0.10 | Reward:   9.0 | Average Reward: 9.960 | Steps:  2005| Total Reward: 2005.0|
| Episode: 185 | Epsilon:  0.10 | Reward:  10.0 | Average Reward: 9.970 | Steps:  2015| Total Reward: 2015.0|
| Episode: 186 | Epsilon:  0.10 | Reward:  11.0 | Average Reward: 9.980 | Steps:  2026| Total Reward: 2026.0|
| Episode: 187 | Epsilon:  0.10 | Reward:   8.0 | Average Reward: 9.970 | Steps:  2034| Total Reward: 2034.0|
| Episode: 188 | Epsilon:  0.10 | Reward:  11.0 | Average Reward: 9.990 | Steps:  2045| Total Reward: 2045.0|
| Episode: 189 | Epsilon:  0.10 | Reward:  10.0 | Average Reward: 9.980 | Steps:  2055| Total Reward: 2055.0|
| Episode: 190 | Epsilon:  0.10 | Reward:  12.0 | Average Reward: 9.960 | Steps:  2067| Total Reward: 2067.0|
| Episode: 191 | Epsilon:  0.10 | Reward:   9.0 | Average Reward: 9.950 | Steps:  2076| Total Reward: 2076.0|
| Episode: 192 | Epsilon:  0.10 | Reward:  10.0 | Average Reward: 9.940 | Steps:  2086| Total Reward: 2086.0|
| Episode: 193 | Epsilon:  0.10 | Reward:   9.0 | Average Reward: 9.940 | Steps:  2095| Total Reward: 2095.0|
| Episode: 194 | Epsilon:  0.10 | Reward:   8.0 | Average Reward: 9.930 | Steps:  2103| Total Reward: 2103.0|
| Episode: 195 | Epsilon:  0.10 | Reward:   9.0 | Average Reward: 9.900 | Steps:  2112| Total Reward: 2112.0|
| Episode: 196 | Epsilon:  0.10 | Reward:  10.0 | Average Reward: 9.910 | Steps:  2122| Total Reward: 2122.0|
| Episode: 197 | Epsilon:  0.10 | Reward:   9.0 | Average Reward: 9.910 | Steps:  2131| Total Reward: 2131.0|
| Episode: 198 | Epsilon:  0.10 | Reward:   9.0 | Average Reward: 9.900 | Steps:  2140| Total Reward: 2140.0|
| Episode: 199 | Epsilon:  0.10 | Reward:  15.0 | Average Reward: 9.960 | Steps:  2155| Total Reward: 2155.0|
| Episode: 200 | Epsilon:  0.10 | Reward:   9.0 | Average Reward: 9.950 | Steps:  2164| Total Reward: 2164.0|
| Episode: 201 | Epsilon:  0.10 | Reward:   9.0 | Average Reward: 9.960 | Steps:  2173| Total Reward: 2173.0|
| Episode: 202 | Epsilon:  0.10 | Reward:  11.0 | Average Reward: 9.980 | Steps:  2184| Total Reward: 2184.0|
| Episode: 203 | Epsilon:  0.10 | Reward:  11.0 | Average Reward: 9.960 | Steps:  2195| Total Reward: 2195.0|
| Episode: 204 | Epsilon:  0.10 | Reward:  10.0 | Average Reward: 9.970 | Steps:  2205| Total Reward: 2205.0|
| Episode: 205 | Epsilon:  0.10 | Reward:  17.0 | Average Reward: 10.040 | Steps:  2222| Total Reward: 2222.0|
| Episode: 206 | Epsilon:  0.10 | Reward:  14.0 | Average Reward: 10.090 | Steps:  2236| Total Reward: 2236.0|
| Episode: 207 | Epsilon:  0.10 | Reward:  14.0 | Average Reward: 10.120 | Steps:  2250| Total Reward: 2250.0|
| Episode: 208 | Epsilon:  0.10 | Reward:  12.0 | Average Reward: 10.120 | Steps:  2262| Total Reward: 2262.0|
| Episode: 209 | Epsilon:  0.10 | Reward:  13.0 | Average Reward: 10.160 | Steps:  2275| Total Reward: 2275.0|
| Episode: 210 | Epsilon:  0.10 | Reward:  18.0 | Average Reward: 10.250 | Steps:  2293| Total Reward: 2293.0|
| Episode: 211 | Epsilon:  0.10 | Reward:  25.0 | Average Reward: 10.400 | Steps:  2318| Total Reward: 2318.0|
| Episode: 212 | Epsilon:  0.10 | Reward:  25.0 | Average Reward: 10.560 | Steps:  2343| Total Reward: 2343.0|
| Episode: 213 | Epsilon:  0.10 | Reward:  63.0 | Average Reward: 11.090 | Steps:  2406| Total Reward: 2406.0|
| Episode: 214 | Epsilon:  0.10 | Reward:  21.0 | Average Reward: 11.190 | Steps:  2427| Total Reward: 2427.0|
| Episode: 215 | Epsilon:  0.10 | Reward:  24.0 | Average Reward: 11.340 | Steps:  2451| Total Reward: 2451.0|
| Episode: 216 | Epsilon:  0.10 | Reward:  12.0 | Average Reward: 11.360 | Steps:  2463| Total Reward: 2463.0|
| Episode: 217 | Epsilon:  0.10 | Reward:  16.0 | Average Reward: 11.420 | Steps:  2479| Total Reward: 2479.0|
| Episode: 218 | Epsilon:  0.10 | Reward:  14.0 | Average Reward: 11.460 | Steps:  2493| Total Reward: 2493.0|
| Episode: 219 | Epsilon:  0.10 | Reward:  13.0 | Average Reward: 11.500 | Steps:  2506| Total Reward: 2506.0|
| Episode: 220 | Epsilon:  0.10 | Reward:  11.0 | Average Reward: 11.520 | Steps:  2517| Total Reward: 2517.0|
| Episode: 221 | Epsilon:  0.10 | Reward:   9.0 | Average Reward: 11.510 | Steps:  2526| Total Reward: 2526.0|
| Episode: 222 | Epsilon:  0.10 | Reward:  13.0 | Average Reward: 11.530 | Steps:  2539| Total Reward: 2539.0|
| Episode: 223 | Epsilon:  0.10 | Reward:  15.0 | Average Reward: 11.590 | Steps:  2554| Total Reward: 2554.0|
| Episode: 224 | Epsilon:  0.10 | Reward:  14.0 | Average Reward: 11.630 | Steps:  2568| Total Reward: 2568.0|
| Episode: 225 | Epsilon:  0.10 | Reward:  12.0 | Average Reward: 11.600 | Steps:  2580| Total Reward: 2580.0|
| Episode: 226 | Epsilon:  0.10 | Reward:  12.0 | Average Reward: 11.600 | Steps:  2592| Total Reward: 2592.0|
| Episode: 227 | Epsilon:  0.10 | Reward:  16.0 | Average Reward: 11.650 | Steps:  2608| Total Reward: 2608.0|
| Episode: 228 | Epsilon:  0.10 | Reward:  14.0 | Average Reward: 11.700 | Steps:  2622| Total Reward: 2622.0|
| Episode: 229 | Epsilon:  0.10 | Reward:  19.0 | Average Reward: 11.790 | Steps:  2641| Total Reward: 2641.0|
| Episode: 230 | Epsilon:  0.10 | Reward:  18.0 | Average Reward: 11.880 | Steps:  2659| Total Reward: 2659.0|
| Episode: 231 | Epsilon:  0.10 | Reward:  18.0 | Average Reward: 11.970 | Steps:  2677| Total Reward: 2677.0|
| Episode: 232 | Epsilon:  0.10 | Reward:  18.0 | Average Reward: 12.040 | Steps:  2695| Total Reward: 2695.0|
| Episode: 233 | Epsilon:  0.10 | Reward:  22.0 | Average Reward: 12.170 | Steps:  2717| Total Reward: 2717.0|
| Episode: 234 | Epsilon:  0.10 | Reward:  24.0 | Average Reward: 12.300 | Steps:  2741| Total Reward: 2741.0|
| Episode: 235 | Epsilon:  0.10 | Reward:  43.0 | Average Reward: 12.630 | Steps:  2784| Total Reward: 2784.0|
| Episode: 236 | Epsilon:  0.10 | Reward:  36.0 | Average Reward: 12.870 | Steps:  2820| Total Reward: 2820.0|
| Episode: 237 | Epsilon:  0.10 | Reward:  31.0 | Average Reward: 13.090 | Steps:  2851| Total Reward: 2851.0|
| Episode: 238 | Epsilon:  0.10 | Reward:  39.0 | Average Reward: 13.380 | Steps:  2890| Total Reward: 2890.0|
| Episode: 239 | Epsilon:  0.10 | Reward:  39.0 | Average Reward: 13.670 | Steps:  2929| Total Reward: 2929.0|
| Episode: 240 | Epsilon:  0.10 | Reward:  28.0 | Average Reward: 13.830 | Steps:  2957| Total Reward: 2957.0|
| Episode: 241 | Epsilon:  0.10 | Reward:  34.0 | Average Reward: 14.080 | Steps:  2991| Total Reward: 2991.0|
| Episode: 242 | Epsilon:  0.10 | Reward:  31.0 | Average Reward: 14.290 | Steps:  3022| Total Reward: 3022.0|
| Episode: 243 | Epsilon:  0.10 | Reward:  49.0 | Average Reward: 14.680 | Steps:  3071| Total Reward: 3071.0|
| Episode: 244 | Epsilon:  0.10 | Reward:  44.0 | Average Reward: 15.020 | Steps:  3115| Total Reward: 3115.0|
| Episode: 245 | Epsilon:  0.10 | Reward:  35.0 | Average Reward: 15.280 | Steps:  3150| Total Reward: 3150.0|
| Episode: 246 | Epsilon:  0.10 | Reward:  40.0 | Average Reward: 15.580 | Steps:  3190| Total Reward: 3190.0|
| Episode: 247 | Epsilon:  0.10 | Reward:  50.0 | Average Reward: 15.990 | Steps:  3240| Total Reward: 3240.0|
| Episode: 248 | Epsilon:  0.10 | Reward:  45.0 | Average Reward: 16.340 | Steps:  3285| Total Reward: 3285.0|
| Episode: 249 | Epsilon:  0.10 | Reward:  70.0 | Average Reward: 16.940 | Steps:  3355| Total Reward: 3355.0|
| Episode: 250 | Epsilon:  0.10 | Reward:  79.0 | Average Reward: 17.620 | Steps:  3434| Total Reward: 3434.0|
| Episode: 251 | Epsilon:  0.10 | Reward:  54.0 | Average Reward: 18.050 | Steps:  3488| Total Reward: 3488.0|
| Episode: 252 | Epsilon:  0.10 | Reward: 121.0 | Average Reward: 19.150 | Steps:  3609| Total Reward: 3609.0|
| Episode: 253 | Epsilon:  0.10 | Reward: 106.0 | Average Reward: 20.130 | Steps:  3715| Total Reward: 3715.0|
| Episode: 254 | Epsilon:  0.10 | Reward:  90.0 | Average Reward: 20.930 | Steps:  3805| Total Reward: 3805.0|
| Episode: 255 | Epsilon:  0.10 | Reward:  81.0 | Average Reward: 21.640 | Steps:  3886| Total Reward: 3886.0|
| Episode: 256 | Epsilon:  0.10 | Reward:  72.0 | Average Reward: 22.260 | Steps:  3958| Total Reward: 3958.0|
| Episode: 257 | Epsilon:  0.10 | Reward: 121.0 | Average Reward: 23.360 | Steps:  4079| Total Reward: 4079.0|
| Episode: 258 | Epsilon:  0.10 | Reward:  95.0 | Average Reward: 24.210 | Steps:  4174| Total Reward: 4174.0|
| Episode: 259 | Epsilon:  0.10 | Reward: 127.0 | Average Reward: 25.390 | Steps:  4301| Total Reward: 4301.0|
| Episode: 260 | Epsilon:  0.10 | Reward: 128.0 | Average Reward: 26.550 | Steps:  4429| Total Reward: 4429.0|
| Episode: 261 | Epsilon:  0.10 | Reward: 199.0 | Average Reward: 28.440 | Steps:  4628| Total Reward: 4628.0|
| Episode: 262 | Epsilon:  0.10 | Reward: 169.0 | Average Reward: 30.040 | Steps:  4797| Total Reward: 4797.0|
| Episode: 263 | Epsilon:  0.10 | Reward: 137.0 | Average Reward: 31.320 | Steps:  4934| Total Reward: 4934.0|
| Episode: 264 | Epsilon:  0.10 | Reward: 106.0 | Average Reward: 32.290 | Steps:  5040| Total Reward: 5040.0|
| Episode: 265 | Epsilon:  0.10 | Reward: 158.0 | Average Reward: 33.760 | Steps:  5198| Total Reward: 5198.0|
| Episode: 266 | Epsilon:  0.10 | Reward:  82.0 | Average Reward: 34.490 | Steps:  5280| Total Reward: 5280.0|
| Episode: 267 | Epsilon:  0.10 | Reward: 100.0 | Average Reward: 35.400 | Steps:  5380| Total Reward: 5380.0|
| Episode: 268 | Epsilon:  0.10 | Reward:  55.0 | Average Reward: 35.860 | Steps:  5435| Total Reward: 5435.0|
| Episode: 269 | Epsilon:  0.10 | Reward:  94.0 | Average Reward: 36.710 | Steps:  5529| Total Reward: 5529.0|
| Episode: 270 | Epsilon:  0.10 | Reward:  88.0 | Average Reward: 37.480 | Steps:  5617| Total Reward: 5617.0|
| Episode: 271 | Epsilon:  0.10 | Reward: 178.0 | Average Reward: 39.150 | Steps:  5795| Total Reward: 5795.0|
| Episode: 272 | Epsilon:  0.10 | Reward: 112.0 | Average Reward: 40.180 | Steps:  5907| Total Reward: 5907.0|
| Episode: 273 | Epsilon:  0.10 | Reward: 137.0 | Average Reward: 41.450 | Steps:  6044| Total Reward: 6044.0|
| Episode: 274 | Epsilon:  0.10 | Reward: 159.0 | Average Reward: 42.950 | Steps:  6203| Total Reward: 6203.0|
| Episode: 275 | Epsilon:  0.10 | Reward:  68.0 | Average Reward: 43.530 | Steps:  6271| Total Reward: 6271.0|
| Episode: 276 | Epsilon:  0.10 | Reward:  71.0 | Average Reward: 44.140 | Steps:  6342| Total Reward: 6342.0|
| Episode: 277 | Epsilon:  0.10 | Reward:  81.0 | Average Reward: 44.860 | Steps:  6423| Total Reward: 6423.0|
| Episode: 278 | Epsilon:  0.10 | Reward:  81.0 | Average Reward: 45.570 | Steps:  6504| Total Reward: 6504.0|
| Episode: 279 | Epsilon:  0.10 | Reward:  86.0 | Average Reward: 46.330 | Steps:  6590| Total Reward: 6590.0|
| Episode: 280 | Epsilon:  0.10 | Reward:  78.0 | Average Reward: 47.000 | Steps:  6668| Total Reward: 6668.0|
| Episode: 281 | Epsilon:  0.10 | Reward:  77.0 | Average Reward: 47.680 | Steps:  6745| Total Reward: 6745.0|
| Episode: 282 | Epsilon:  0.10 | Reward: 106.0 | Average Reward: 48.640 | Steps:  6851| Total Reward: 6851.0|
| Episode: 283 | Epsilon:  0.10 | Reward: 124.0 | Average Reward: 49.790 | Steps:  6975| Total Reward: 6975.0|
| Episode: 284 | Epsilon:  0.10 | Reward:  76.0 | Average Reward: 50.460 | Steps:  7051| Total Reward: 7051.0|
| Episode: 285 | Epsilon:  0.10 | Reward:  79.0 | Average Reward: 51.150 | Steps:  7130| Total Reward: 7130.0|
| Episode: 286 | Epsilon:  0.10 | Reward:  61.0 | Average Reward: 51.650 | Steps:  7191| Total Reward: 7191.0|
| Episode: 287 | Epsilon:  0.10 | Reward:  90.0 | Average Reward: 52.470 | Steps:  7281| Total Reward: 7281.0|
| Episode: 288 | Epsilon:  0.10 | Reward:  82.0 | Average Reward: 53.180 | Steps:  7363| Total Reward: 7363.0|
| Episode: 289 | Epsilon:  0.10 | Reward:  64.0 | Average Reward: 53.720 | Steps:  7427| Total Reward: 7427.0|
| Episode: 290 | Epsilon:  0.10 | Reward:  80.0 | Average Reward: 54.400 | Steps:  7507| Total Reward: 7507.0|
| Episode: 291 | Epsilon:  0.10 | Reward:  76.0 | Average Reward: 55.070 | Steps:  7583| Total Reward: 7583.0|
| Episode: 292 | Epsilon:  0.10 | Reward:  59.0 | Average Reward: 55.560 | Steps:  7642| Total Reward: 7642.0|
| Episode: 293 | Epsilon:  0.10 | Reward:  73.0 | Average Reward: 56.200 | Steps:  7715| Total Reward: 7715.0|
| Episode: 294 | Epsilon:  0.10 | Reward:  74.0 | Average Reward: 56.860 | Steps:  7789| Total Reward: 7789.0|
| Episode: 295 | Epsilon:  0.10 | Reward:  68.0 | Average Reward: 57.450 | Steps:  7857| Total Reward: 7857.0|
| Episode: 296 | Epsilon:  0.10 | Reward:  92.0 | Average Reward: 58.270 | Steps:  7949| Total Reward: 7949.0|
| Episode: 297 | Epsilon:  0.10 | Reward: 117.0 | Average Reward: 59.350 | Steps:  8066| Total Reward: 8066.0|
| Episode: 298 | Epsilon:  0.10 | Reward: 171.0 | Average Reward: 60.970 | Steps:  8237| Total Reward: 8237.0|
| Episode: 299 | Epsilon:  0.10 | Reward:  65.0 | Average Reward: 61.470 | Steps:  8302| Total Reward: 8302.0|
| Episode: 300 | Epsilon:  0.10 | Reward: 177.0 | Average Reward: 63.150 | Steps:  8479| Total Reward: 8479.0|
| Episode: 301 | Epsilon:  0.10 | Reward: 200.0 | Average Reward: 65.060 | Steps:  8679| Total Reward: 8679.0|
| Episode: 302 | Epsilon:  0.10 | Reward: 193.0 | Average Reward: 66.880 | Steps:  8872| Total Reward: 8872.0|
| Episode: 303 | Epsilon:  0.10 | Reward: 154.0 | Average Reward: 68.310 | Steps:  9026| Total Reward: 9026.0|
| Episode: 304 | Epsilon:  0.10 | Reward: 170.0 | Average Reward: 69.910 | Steps:  9196| Total Reward: 9196.0|
| Episode: 305 | Epsilon:  0.10 | Reward: 140.0 | Average Reward: 71.140 | Steps:  9336| Total Reward: 9336.0|
| Episode: 306 | Epsilon:  0.10 | Reward: 173.0 | Average Reward: 72.730 | Steps:  9509| Total Reward: 9509.0|
| Episode: 307 | Epsilon:  0.10 | Reward: 160.0 | Average Reward: 74.190 | Steps:  9669| Total Reward: 9669.0|
| Episode: 308 | Epsilon:  0.10 | Reward: 157.0 | Average Reward: 75.640 | Steps:  9826| Total Reward: 9826.0|
| Episode: 309 | Epsilon:  0.10 | Reward: 137.0 | Average Reward: 76.880 | Steps:  9963| Total Reward: 9963.0|
| Episode: 310 | Epsilon:  0.10 | Reward: 126.0 | Average Reward: 77.960 | Steps: 10089| Total Reward: 10089.0|
| Episode: 311 | Epsilon:  0.10 | Reward: 104.0 | Average Reward: 78.750 | Steps: 10193| Total Reward: 10193.0|
| Episode: 312 | Epsilon:  0.10 | Reward: 124.0 | Average Reward: 79.740 | Steps: 10317| Total Reward: 10317.0|
| Episode: 313 | Epsilon:  0.10 | Reward: 135.0 | Average Reward: 80.460 | Steps: 10452| Total Reward: 10452.0|
| Episode: 314 | Epsilon:  0.10 | Reward: 137.0 | Average Reward: 81.620 | Steps: 10589| Total Reward: 10589.0|
| Episode: 315 | Epsilon:  0.10 | Reward: 133.0 | Average Reward: 82.710 | Steps: 10722| Total Reward: 10722.0|
| Episode: 316 | Epsilon:  0.10 | Reward: 191.0 | Average Reward: 84.500 | Steps: 10913| Total Reward: 10913.0|
| Episode: 317 | Epsilon:  0.10 | Reward: 185.0 | Average Reward: 86.190 | Steps: 11098| Total Reward: 11098.0|
| Episode: 318 | Epsilon:  0.10 | Reward: 196.0 | Average Reward: 88.010 | Steps: 11294| Total Reward: 11294.0|
| Episode: 319 | Epsilon:  0.10 | Reward: 101.0 | Average Reward: 88.890 | Steps: 11395| Total Reward: 11395.0|
| Episode: 320 | Epsilon:  0.10 | Reward: 158.0 | Average Reward: 90.360 | Steps: 11553| Total Reward: 11553.0|
| Episode: 321 | Epsilon:  0.10 | Reward: 165.0 | Average Reward: 91.920 | Steps: 11718| Total Reward: 11718.0|
| Episode: 322 | Epsilon:  0.10 | Reward: 182.0 | Average Reward: 93.610 | Steps: 11900| Total Reward: 11900.0|
| Episode: 323 | Epsilon:  0.10 | Reward:  75.0 | Average Reward: 94.210 | Steps: 11975| Total Reward: 11975.0|
| Episode: 324 | Epsilon:  0.10 | Reward:  87.0 | Average Reward: 94.940 | Steps: 12062| Total Reward: 12062.0|
| Episode: 325 | Epsilon:  0.10 | Reward: 136.0 | Average Reward: 96.180 | Steps: 12198| Total Reward: 12198.0|
| Episode: 326 | Epsilon:  0.10 | Reward: 175.0 | Average Reward: 97.810 | Steps: 12373| Total Reward: 12373.0|
| Episode: 327 | Epsilon:  0.10 | Reward: 150.0 | Average Reward: 99.150 | Steps: 12523| Total Reward: 12523.0|
| Episode: 328 | Epsilon:  0.10 | Reward: 143.0 | Average Reward: 100.440 | Steps: 12666| Total Reward: 12666.0|
| Episode: 329 | Epsilon:  0.10 | Reward: 200.0 | Average Reward: 102.250 | Steps: 12866| Total Reward: 12866.0|
| Episode: 330 | Epsilon:  0.10 | Reward:  80.0 | Average Reward: 102.870 | Steps: 12946| Total Reward: 12946.0|
| Episode: 331 | Epsilon:  0.10 | Reward: 185.0 | Average Reward: 104.540 | Steps: 13131| Total Reward: 13131.0|
| Episode: 332 | Epsilon:  0.10 | Reward: 185.0 | Average Reward: 106.210 | Steps: 13316| Total Reward: 13316.0|
| Episode: 333 | Epsilon:  0.10 | Reward: 113.0 | Average Reward: 107.120 | Steps: 13429| Total Reward: 13429.0|
| Episode: 334 | Epsilon:  0.10 | Reward:  52.0 | Average Reward: 107.400 | Steps: 13481| Total Reward: 13481.0|
| Episode: 335 | Epsilon:  0.10 | Reward: 153.0 | Average Reward: 108.500 | Steps: 13634| Total Reward: 13634.0|
| Episode: 336 | Epsilon:  0.10 | Reward: 155.0 | Average Reward: 109.690 | Steps: 13789| Total Reward: 13789.0|
| Episode: 337 | Epsilon:  0.10 | Reward: 127.0 | Average Reward: 110.650 | Steps: 13916| Total Reward: 13916.0|
| Episode: 338 | Epsilon:  0.10 | Reward: 110.0 | Average Reward: 111.360 | Steps: 14026| Total Reward: 14026.0|
| Episode: 339 | Epsilon:  0.10 | Reward:  60.0 | Average Reward: 111.570 | Steps: 14086| Total Reward: 14086.0|
| Episode: 340 | Epsilon:  0.10 | Reward:  64.0 | Average Reward: 111.930 | Steps: 14150| Total Reward: 14150.0|
| Episode: 341 | Epsilon:  0.10 | Reward:  85.0 | Average Reward: 112.440 | Steps: 14235| Total Reward: 14235.0|
| Episode: 342 | Epsilon:  0.10 | Reward: 152.0 | Average Reward: 113.650 | Steps: 14387| Total Reward: 14387.0|
| Episode: 343 | Epsilon:  0.10 | Reward: 200.0 | Average Reward: 115.160 | Steps: 14587| Total Reward: 14587.0|
| Episode: 344 | Epsilon:  0.10 | Reward:  49.0 | Average Reward: 115.210 | Steps: 14636| Total Reward: 14636.0|
| Episode: 345 | Epsilon:  0.10 | Reward: 200.0 | Average Reward: 116.860 | Steps: 14836| Total Reward: 14836.0|
| Episode: 346 | Epsilon:  0.10 | Reward:  51.0 | Average Reward: 116.970 | Steps: 14887| Total Reward: 14887.0|
| Episode: 347 | Epsilon:  0.10 | Reward: 171.0 | Average Reward: 118.180 | Steps: 15058| Total Reward: 15058.0|
| Episode: 348 | Epsilon:  0.10 | Reward:  45.0 | Average Reward: 118.180 | Steps: 15103| Total Reward: 15103.0|
| Episode: 349 | Epsilon:  0.10 | Reward: 200.0 | Average Reward: 119.480 | Steps: 15303| Total Reward: 15303.0|
| Episode: 350 | Epsilon:  0.10 | Reward: 133.0 | Average Reward: 120.020 | Steps: 15436| Total Reward: 15436.0|
| Episode: 351 | Epsilon:  0.10 | Reward: 200.0 | Average Reward: 121.480 | Steps: 15636| Total Reward: 15636.0|
| Episode: 352 | Epsilon:  0.10 | Reward: 200.0 | Average Reward: 122.270 | Steps: 15836| Total Reward: 15836.0|
| Episode: 353 | Epsilon:  0.10 | Reward: 117.0 | Average Reward: 122.380 | Steps: 15953| Total Reward: 15953.0|
| Episode: 354 | Epsilon:  0.10 | Reward:  32.0 | Average Reward: 121.800 | Steps: 15985| Total Reward: 15985.0|
| Episode: 355 | Epsilon:  0.10 | Reward:  29.0 | Average Reward: 121.280 | Steps: 16014| Total Reward: 16014.0|
| Episode: 356 | Epsilon:  0.10 | Reward: 140.0 | Average Reward: 121.960 | Steps: 16154| Total Reward: 16154.0|
| Episode: 357 | Epsilon:  0.10 | Reward: 189.0 | Average Reward: 122.640 | Steps: 16343| Total Reward: 16343.0|
| Episode: 358 | Epsilon:  0.10 | Reward:  27.0 | Average Reward: 121.960 | Steps: 16370| Total Reward: 16370.0|
| Episode: 359 | Epsilon:  0.10 | Reward:  30.0 | Average Reward: 120.990 | Steps: 16400| Total Reward: 16400.0|
| Episode: 360 | Epsilon:  0.10 | Reward:  20.0 | Average Reward: 119.910 | Steps: 16420| Total Reward: 16420.0|
| Episode: 361 | Epsilon:  0.10 | Reward:  29.0 | Average Reward: 118.210 | Steps: 16449| Total Reward: 16449.0|
| Episode: 362 | Epsilon:  0.10 | Reward:  32.0 | Average Reward: 116.840 | Steps: 16481| Total Reward: 16481.0|
| Episode: 363 | Epsilon:  0.10 | Reward:  26.0 | Average Reward: 115.730 | Steps: 16507| Total Reward: 16507.0|
| Episode: 364 | Epsilon:  0.10 | Reward:  27.0 | Average Reward: 114.940 | Steps: 16534| Total Reward: 16534.0|
| Episode: 365 | Epsilon:  0.10 | Reward:  25.0 | Average Reward: 113.610 | Steps: 16559| Total Reward: 16559.0|
| Episode: 366 | Epsilon:  0.10 | Reward:  27.0 | Average Reward: 113.060 | Steps: 16586| Total Reward: 16586.0|
| Episode: 367 | Epsilon:  0.10 | Reward: 139.0 | Average Reward: 113.450 | Steps: 16725| Total Reward: 16725.0|
| Episode: 368 | Epsilon:  0.10 | Reward:  25.0 | Average Reward: 113.150 | Steps: 16750| Total Reward: 16750.0|
| Episode: 369 | Epsilon:  0.10 | Reward:  22.0 | Average Reward: 112.430 | Steps: 16772| Total Reward: 16772.0|
| Episode: 370 | Epsilon:  0.10 | Reward: 200.0 | Average Reward: 113.550 | Steps: 16972| Total Reward: 16972.0|
| Episode: 371 | Epsilon:  0.10 | Reward:  30.0 | Average Reward: 112.070 | Steps: 17002| Total Reward: 17002.0|
| Episode: 372 | Epsilon:  0.10 | Reward: 142.0 | Average Reward: 112.370 | Steps: 17144| Total Reward: 17144.0|
| Episode: 373 | Epsilon:  0.10 | Reward:  54.0 | Average Reward: 111.540 | Steps: 17198| Total Reward: 17198.0|
| Episode: 374 | Epsilon:  0.10 | Reward:  97.0 | Average Reward: 110.920 | Steps: 17295| Total Reward: 17295.0|
| Episode: 375 | Epsilon:  0.10 | Reward: 112.0 | Average Reward: 111.360 | Steps: 17407| Total Reward: 17407.0|
| Episode: 376 | Epsilon:  0.10 | Reward: 149.0 | Average Reward: 112.140 | Steps: 17556| Total Reward: 17556.0|
| Episode: 377 | Epsilon:  0.10 | Reward:  41.0 | Average Reward: 111.740 | Steps: 17597| Total Reward: 17597.0|
| Episode: 378 | Epsilon:  0.10 | Reward: 200.0 | Average Reward: 112.930 | Steps: 17797| Total Reward: 17797.0|
| Episode: 379 | Epsilon:  0.10 | Reward:  65.0 | Average Reward: 112.720 | Steps: 17862| Total Reward: 17862.0|
| Episode: 380 | Epsilon:  0.10 | Reward:  65.0 | Average Reward: 112.590 | Steps: 17927| Total Reward: 17927.0|
| Episode: 381 | Epsilon:  0.10 | Reward:  56.0 | Average Reward: 112.380 | Steps: 17983| Total Reward: 17983.0|
| Episode: 382 | Epsilon:  0.10 | Reward:  43.0 | Average Reward: 111.750 | Steps: 18026| Total Reward: 18026.0|
| Episode: 383 | Epsilon:  0.10 | Reward:  50.0 | Average Reward: 111.010 | Steps: 18076| Total Reward: 18076.0|
| Episode: 384 | Epsilon:  0.10 | Reward:  43.0 | Average Reward: 110.680 | Steps: 18119| Total Reward: 18119.0|
| Episode: 385 | Epsilon:  0.10 | Reward: 133.0 | Average Reward: 111.220 | Steps: 18252| Total Reward: 18252.0|
| Episode: 386 | Epsilon:  0.10 | Reward:  26.0 | Average Reward: 110.870 | Steps: 18278| Total Reward: 18278.0|
| Episode: 387 | Epsilon:  0.10 | Reward: 104.0 | Average Reward: 111.010 | Steps: 18382| Total Reward: 18382.0|
| Episode: 388 | Epsilon:  0.10 | Reward: 200.0 | Average Reward: 112.190 | Steps: 18582| Total Reward: 18582.0|
| Episode: 389 | Epsilon:  0.10 | Reward: 200.0 | Average Reward: 113.550 | Steps: 18782| Total Reward: 18782.0|
| Episode: 390 | Epsilon:  0.10 | Reward:  46.0 | Average Reward: 113.210 | Steps: 18828| Total Reward: 18828.0|
| Episode: 391 | Epsilon:  0.10 | Reward: 200.0 | Average Reward: 114.450 | Steps: 19028| Total Reward: 19028.0|
| Episode: 392 | Epsilon:  0.10 | Reward:  93.0 | Average Reward: 114.790 | Steps: 19121| Total Reward: 19121.0|
| Episode: 393 | Epsilon:  0.10 | Reward: 200.0 | Average Reward: 116.060 | Steps: 19321| Total Reward: 19321.0|
| Episode: 394 | Epsilon:  0.10 | Reward: 200.0 | Average Reward: 117.320 | Steps: 19521| Total Reward: 19521.0|
| Episode: 395 | Epsilon:  0.10 | Reward: 158.0 | Average Reward: 118.220 | Steps: 19679| Total Reward: 19679.0|
| Episode: 396 | Epsilon:  0.10 | Reward: 200.0 | Average Reward: 119.300 | Steps: 19879| Total Reward: 19879.0|
| Episode: 397 | Epsilon:  0.10 | Reward: 200.0 | Average Reward: 120.130 | Steps: 20079| Total Reward: 20079.0|
| Episode: 398 | Epsilon:  0.10 | Reward:  67.0 | Average Reward: 119.090 | Steps: 20146| Total Reward: 20146.0|
| Episode: 399 | Epsilon:  0.10 | Reward:  79.0 | Average Reward: 119.230 | Steps: 20225| Total Reward: 20225.0|
| Episode: 400 | Epsilon:  0.10 | Reward: 200.0 | Average Reward: 119.460 | Steps: 20425| Total Reward: 20425.0|
| Episode: 401 | Epsilon:  0.10 | Reward:  55.0 | Average Reward: 118.010 | Steps: 20480| Total Reward: 20480.0|
| Episode: 402 | Epsilon:  0.10 | Reward: 200.0 | Average Reward: 118.080 | Steps: 20680| Total Reward: 20680.0|
| Episode: 403 | Epsilon:  0.10 | Reward:  21.0 | Average Reward: 116.750 | Steps: 20701| Total Reward: 20701.0|
| Episode: 404 | Epsilon:  0.10 | Reward: 200.0 | Average Reward: 117.050 | Steps: 20901| Total Reward: 20901.0|
| Episode: 405 | Epsilon:  0.10 | Reward: 200.0 | Average Reward: 117.650 | Steps: 21101| Total Reward: 21101.0|
| Episode: 406 | Epsilon:  0.10 | Reward: 200.0 | Average Reward: 117.920 | Steps: 21301| Total Reward: 21301.0|
| Episode: 407 | Epsilon:  0.10 | Reward: 200.0 | Average Reward: 118.320 | Steps: 21501| Total Reward: 21501.0|
| Episode: 408 | Epsilon:  0.10 | Reward: 200.0 | Average Reward: 118.750 | Steps: 21701| Total Reward: 21701.0|
| Episode: 409 | Epsilon:  0.10 | Reward: 200.0 | Average Reward: 119.380 | Steps: 21901| Total Reward: 21901.0|
| Episode: 410 | Epsilon:  0.10 | Reward: 200.0 | Average Reward: 120.120 | Steps: 22101| Total Reward: 22101.0|
| Episode: 411 | Epsilon:  0.10 | Reward:  15.0 | Average Reward: 119.230 | Steps: 22116| Total Reward: 22116.0|
| Episode: 412 | Epsilon:  0.10 | Reward: 200.0 | Average Reward: 119.990 | Steps: 22316| Total Reward: 22316.0|
| Episode: 413 | Epsilon:  0.10 | Reward: 111.0 | Average Reward: 119.750 | Steps: 22427| Total Reward: 22427.0|
| Episode: 414 | Epsilon:  0.10 | Reward:  90.0 | Average Reward: 119.280 | Steps: 22517| Total Reward: 22517.0|
| Episode: 415 | Epsilon:  0.10 | Reward:  16.0 | Average Reward: 118.110 | Steps: 22533| Total Reward: 22533.0|
| Episode: 416 | Epsilon:  0.10 | Reward: 200.0 | Average Reward: 118.200 | Steps: 22733| Total Reward: 22733.0|
| Episode: 417 | Epsilon:  0.10 | Reward: 200.0 | Average Reward: 118.350 | Steps: 22933| Total Reward: 22933.0|
| Episode: 418 | Epsilon:  0.10 | Reward: 200.0 | Average Reward: 118.390 | Steps: 23133| Total Reward: 23133.0|
| Episode: 419 | Epsilon:  0.10 | Reward: 200.0 | Average Reward: 119.380 | Steps: 23333| Total Reward: 23333.0|
| Episode: 420 | Epsilon:  0.10 | Reward: 200.0 | Average Reward: 119.800 | Steps: 23533| Total Reward: 23533.0|
| Episode: 421 | Epsilon:  0.10 | Reward:  76.0 | Average Reward: 118.910 | Steps: 23609| Total Reward: 23609.0|
| Episode: 422 | Epsilon:  0.10 | Reward: 200.0 | Average Reward: 119.090 | Steps: 23809| Total Reward: 23809.0|
| Episode: 423 | Epsilon:  0.10 | Reward: 200.0 | Average Reward: 120.340 | Steps: 24009| Total Reward: 24009.0|
| Episode: 424 | Epsilon:  0.10 | Reward: 200.0 | Average Reward: 121.470 | Steps: 24209| Total Reward: 24209.0|
| Episode: 425 | Epsilon:  0.10 | Reward: 200.0 | Average Reward: 122.110 | Steps: 24409| Total Reward: 24409.0|
| Episode: 426 | Epsilon:  0.10 | Reward: 200.0 | Average Reward: 122.360 | Steps: 24609| Total Reward: 24609.0|
| Episode: 427 | Epsilon:  0.10 | Reward: 200.0 | Average Reward: 122.860 | Steps: 24809| Total Reward: 24809.0|
| Episode: 428 | Epsilon:  0.10 | Reward: 200.0 | Average Reward: 123.430 | Steps: 25009| Total Reward: 25009.0|
| Episode: 429 | Epsilon:  0.10 | Reward: 200.0 | Average Reward: 123.430 | Steps: 25209| Total Reward: 25209.0|
| Episode: 430 | Epsilon:  0.10 | Reward: 200.0 | Average Reward: 124.630 | Steps: 25409| Total Reward: 25409.0|
| Episode: 431 | Epsilon:  0.10 | Reward: 200.0 | Average Reward: 124.780 | Steps: 25609| Total Reward: 25609.0|
| Episode: 432 | Epsilon:  0.10 | Reward: 200.0 | Average Reward: 124.930 | Steps: 25809| Total Reward: 25809.0|
| Episode: 433 | Epsilon:  0.10 | Reward: 200.0 | Average Reward: 125.800 | Steps: 26009| Total Reward: 26009.0|
| Episode: 434 | Epsilon:  0.10 | Reward: 200.0 | Average Reward: 127.280 | Steps: 26209| Total Reward: 26209.0|
| Episode: 435 | Epsilon:  0.10 | Reward: 200.0 | Average Reward: 127.750 | Steps: 26409| Total Reward: 26409.0|
| Episode: 436 | Epsilon:  0.10 | Reward: 200.0 | Average Reward: 128.200 | Steps: 26609| Total Reward: 26609.0|
| Episode: 437 | Epsilon:  0.10 | Reward: 200.0 | Average Reward: 128.930 | Steps: 26809| Total Reward: 26809.0|
| Episode: 438 | Epsilon:  0.10 | Reward: 200.0 | Average Reward: 129.830 | Steps: 27009| Total Reward: 27009.0|
| Episode: 439 | Epsilon:  0.10 | Reward:  19.0 | Average Reward: 129.420 | Steps: 27028| Total Reward: 27028.0|
| Episode: 440 | Epsilon:  0.10 | Reward:  18.0 | Average Reward: 128.960 | Steps: 27046| Total Reward: 27046.0|
| Episode: 441 | Epsilon:  0.10 | Reward: 200.0 | Average Reward: 130.110 | Steps: 27246| Total Reward: 27246.0|
| Episode: 442 | Epsilon:  0.10 | Reward: 200.0 | Average Reward: 130.590 | Steps: 27446| Total Reward: 27446.0|
| Episode: 443 | Epsilon:  0.10 | Reward: 200.0 | Average Reward: 130.590 | Steps: 27646| Total Reward: 27646.0|
| Episode: 444 | Epsilon:  0.10 | Reward: 200.0 | Average Reward: 132.100 | Steps: 27846| Total Reward: 27846.0|
| Episode: 445 | Epsilon:  0.10 | Reward: 200.0 | Average Reward: 132.100 | Steps: 28046| Total Reward: 28046.0|
| Episode: 446 | Epsilon:  0.10 | Reward: 200.0 | Average Reward: 133.590 | Steps: 28246| Total Reward: 28246.0|
| Episode: 447 | Epsilon:  0.10 | Reward: 200.0 | Average Reward: 133.880 | Steps: 28446| Total Reward: 28446.0|
| Episode: 448 | Epsilon:  0.10 | Reward: 200.0 | Average Reward: 135.430 | Steps: 28646| Total Reward: 28646.0|
| Episode: 449 | Epsilon:  0.10 | Reward: 200.0 | Average Reward: 135.430 | Steps: 28846| Total Reward: 28846.0|
| Episode: 450 | Epsilon:  0.10 | Reward: 200.0 | Average Reward: 136.100 | Steps: 29046| Total Reward: 29046.0|
| Episode: 451 | Epsilon:  0.10 | Reward: 200.0 | Average Reward: 136.100 | Steps: 29246| Total Reward: 29246.0|
| Episode: 452 | Epsilon:  0.10 | Reward: 200.0 | Average Reward: 136.100 | Steps: 29446| Total Reward: 29446.0|
| Episode: 453 | Epsilon:  0.10 | Reward: 200.0 | Average Reward: 136.930 | Steps: 29646| Total Reward: 29646.0|
| Episode: 454 | Epsilon:  0.10 | Reward: 101.0 | Average Reward: 137.620 | Steps: 29747| Total Reward: 29747.0|
| Episode: 455 | Epsilon:  0.10 | Reward: 200.0 | Average Reward: 139.330 | Steps: 29947| Total Reward: 29947.0|
| Episode: 456 | Epsilon:  0.10 | Reward: 200.0 | Average Reward: 139.930 | Steps: 30147| Total Reward: 30147.0|
| Episode: 457 | Epsilon:  0.10 | Reward:  23.0 | Average Reward: 138.270 | Steps: 30170| Total Reward: 30170.0|
| Episode: 458 | Epsilon:  0.10 | Reward:  22.0 | Average Reward: 138.220 | Steps: 30192| Total Reward: 30192.0|
| Episode: 459 | Epsilon:  0.10 | Reward: 200.0 | Average Reward: 139.920 | Steps: 30392| Total Reward: 30392.0|
| Episode: 460 | Epsilon:  0.10 | Reward: 115.0 | Average Reward: 140.870 | Steps: 30507| Total Reward: 30507.0|
| Episode: 461 | Epsilon:  0.10 | Reward: 200.0 | Average Reward: 142.580 | Steps: 30707| Total Reward: 30707.0|
| Episode: 462 | Epsilon:  0.10 | Reward:  20.0 | Average Reward: 142.460 | Steps: 30727| Total Reward: 30727.0|
| Episode: 463 | Epsilon:  0.10 | Reward: 200.0 | Average Reward: 144.200 | Steps: 30927| Total Reward: 30927.0|
| Episode: 464 | Epsilon:  0.10 | Reward: 200.0 | Average Reward: 145.930 | Steps: 31127| Total Reward: 31127.0|
| Episode: 465 | Epsilon:  0.10 | Reward: 200.0 | Average Reward: 147.680 | Steps: 31327| Total Reward: 31327.0|
| Episode: 466 | Epsilon:  0.10 | Reward:  17.0 | Average Reward: 147.580 | Steps: 31344| Total Reward: 31344.0|
| Episode: 467 | Epsilon:  0.10 | Reward: 200.0 | Average Reward: 148.190 | Steps: 31544| Total Reward: 31544.0|
| Episode: 468 | Epsilon:  0.10 | Reward: 200.0 | Average Reward: 149.940 | Steps: 31744| Total Reward: 31744.0|
| Episode: 469 | Epsilon:  0.10 | Reward: 200.0 | Average Reward: 151.720 | Steps: 31944| Total Reward: 31944.0|
| Episode: 470 | Epsilon:  0.10 | Reward:  15.0 | Average Reward: 149.870 | Steps: 31959| Total Reward: 31959.0|
| Episode: 471 | Epsilon:  0.10 | Reward:  16.0 | Average Reward: 149.730 | Steps: 31975| Total Reward: 31975.0|
| Episode: 472 | Epsilon:  0.10 | Reward: 196.0 | Average Reward: 150.270 | Steps: 32171| Total Reward: 32171.0|
| Episode: 473 | Epsilon:  0.10 | Reward:  27.0 | Average Reward: 150.000 | Steps: 32198| Total Reward: 32198.0|
| Episode: 474 | Epsilon:  0.10 | Reward: 200.0 | Average Reward: 151.030 | Steps: 32398| Total Reward: 32398.0|
| Episode: 475 | Epsilon:  0.10 | Reward:  19.0 | Average Reward: 150.100 | Steps: 32417| Total Reward: 32417.0|
| Episode: 476 | Epsilon:  0.10 | Reward:  95.0 | Average Reward: 149.560 | Steps: 32512| Total Reward: 32512.0|
| Episode: 477 | Epsilon:  0.10 | Reward: 152.0 | Average Reward: 150.670 | Steps: 32664| Total Reward: 32664.0|
| Episode: 478 | Epsilon:  0.10 | Reward:  68.0 | Average Reward: 149.350 | Steps: 32732| Total Reward: 32732.0|
| Episode: 479 | Epsilon:  0.10 | Reward:  71.0 | Average Reward: 149.410 | Steps: 32803| Total Reward: 32803.0|
| Episode: 480 | Epsilon:  0.10 | Reward:  58.0 | Average Reward: 149.340 | Steps: 32861| Total Reward: 32861.0|
| Episode: 481 | Epsilon:  0.10 | Reward: 150.0 | Average Reward: 150.280 | Steps: 33011| Total Reward: 33011.0|
| Episode: 482 | Epsilon:  0.10 | Reward: 200.0 | Average Reward: 151.850 | Steps: 33211| Total Reward: 33211.0|
| Episode: 483 | Epsilon:  0.10 | Reward:  76.0 | Average Reward: 152.110 | Steps: 33287| Total Reward: 33287.0|
| Episode: 484 | Epsilon:  0.10 | Reward:  52.0 | Average Reward: 152.200 | Steps: 33339| Total Reward: 33339.0|
| Episode: 485 | Epsilon:  0.10 | Reward: 200.0 | Average Reward: 152.870 | Steps: 33539| Total Reward: 33539.0|
| Episode: 486 | Epsilon:  0.10 | Reward:  28.0 | Average Reward: 152.890 | Steps: 33567| Total Reward: 33567.0|
| Episode: 487 | Epsilon:  0.10 | Reward:  64.0 | Average Reward: 152.490 | Steps: 33631| Total Reward: 33631.0|
| Episode: 488 | Epsilon:  0.10 | Reward:  99.0 | Average Reward: 151.480 | Steps: 33730| Total Reward: 33730.0|
| Episode: 489 | Epsilon:  0.10 | Reward: 137.0 | Average Reward: 150.850 | Steps: 33867| Total Reward: 33867.0|
| Episode: 490 | Epsilon:  0.10 | Reward:  16.0 | Average Reward: 150.550 | Steps: 33883| Total Reward: 33883.0|
| Episode: 491 | Epsilon:  0.10 | Reward: 131.0 | Average Reward: 149.860 | Steps: 34014| Total Reward: 34014.0|
| Episode: 492 | Epsilon:  0.10 | Reward: 159.0 | Average Reward: 150.520 | Steps: 34173| Total Reward: 34173.0|
| Episode: 493 | Epsilon:  0.10 | Reward: 127.0 | Average Reward: 149.790 | Steps: 34300| Total Reward: 34300.0|
| Episode: 494 | Epsilon:  0.10 | Reward: 200.0 | Average Reward: 149.790 | Steps: 34500| Total Reward: 34500.0|
| Episode: 495 | Epsilon:  0.10 | Reward: 198.0 | Average Reward: 150.190 | Steps: 34698| Total Reward: 34698.0|
| Episode: 496 | Epsilon:  0.10 | Reward: 198.0 | Average Reward: 150.170 | Steps: 34896| Total Reward: 34896.0|
| Episode: 497 | Epsilon:  0.10 | Reward: 200.0 | Average Reward: 150.170 | Steps: 35096| Total Reward: 35096.0|
| Episode: 498 | Epsilon:  0.10 | Reward:  72.0 | Average Reward: 150.220 | Steps: 35168| Total Reward: 35168.0|
| Episode: 499 | Epsilon:  0.10 | Reward: 200.0 | Average Reward: 151.430 | Steps: 35368| Total Reward: 35368.0|
| Episode: 500 | Epsilon:  0.10 | Reward:  25.0 | Average Reward: 149.680 | Steps: 35393| Total Reward: 35393.0|
| Episode: 501 | Epsilon:  0.10 | Reward:  15.0 | Average Reward: 149.280 | Steps: 35408| Total Reward: 35408.0|
| Episode: 502 | Epsilon:  0.10 | Reward:  93.0 | Average Reward: 148.210 | Steps: 35501| Total Reward: 35501.0|
| Episode: 503 | Epsilon:  0.10 | Reward: 108.0 | Average Reward: 149.080 | Steps: 35609| Total Reward: 35609.0|
| Episode: 504 | Epsilon:  0.10 | Reward:  92.0 | Average Reward: 148.000 | Steps: 35701| Total Reward: 35701.0|
| Episode: 505 | Epsilon:  0.10 | Reward: 113.0 | Average Reward: 147.130 | Steps: 35814| Total Reward: 35814.0|
| Episode: 506 | Epsilon:  0.10 | Reward:  67.0 | Average Reward: 145.800 | Steps: 35881| Total Reward: 35881.0|
| Episode: 507 | Epsilon:  0.10 | Reward:  60.0 | Average Reward: 144.400 | Steps: 35941| Total Reward: 35941.0|
| Episode: 508 | Epsilon:  0.10 | Reward:  55.0 | Average Reward: 142.950 | Steps: 35996| Total Reward: 35996.0|
| Episode: 509 | Epsilon:  0.10 | Reward:  64.0 | Average Reward: 141.590 | Steps: 36060| Total Reward: 36060.0|
| Episode: 510 | Epsilon:  0.10 | Reward:  55.0 | Average Reward: 140.140 | Steps: 36115| Total Reward: 36115.0|
| Episode: 511 | Epsilon:  0.10 | Reward:  66.0 | Average Reward: 140.650 | Steps: 36181| Total Reward: 36181.0|
| Episode: 512 | Epsilon:  0.10 | Reward: 167.0 | Average Reward: 140.320 | Steps: 36348| Total Reward: 36348.0|
| Episode: 513 | Epsilon:  0.10 | Reward:  84.0 | Average Reward: 140.050 | Steps: 36432| Total Reward: 36432.0|
| Episode: 514 | Epsilon:  0.10 | Reward: 116.0 | Average Reward: 140.310 | Steps: 36548| Total Reward: 36548.0|
| Episode: 515 | Epsilon:  0.10 | Reward: 200.0 | Average Reward: 142.150 | Steps: 36748| Total Reward: 36748.0|
| Episode: 516 | Epsilon:  0.10 | Reward: 200.0 | Average Reward: 142.150 | Steps: 36948| Total Reward: 36948.0|
| Episode: 517 | Epsilon:  0.10 | Reward: 200.0 | Average Reward: 142.150 | Steps: 37148| Total Reward: 37148.0|
| Episode: 518 | Epsilon:  0.10 | Reward: 200.0 | Average Reward: 142.150 | Steps: 37348| Total Reward: 37348.0|
| Episode: 519 | Epsilon:  0.10 | Reward: 200.0 | Average Reward: 142.150 | Steps: 37548| Total Reward: 37548.0|
| Episode: 520 | Epsilon:  0.10 | Reward: 200.0 | Average Reward: 142.150 | Steps: 37748| Total Reward: 37748.0|
| Episode: 521 | Epsilon:  0.10 | Reward: 191.0 | Average Reward: 143.300 | Steps: 37939| Total Reward: 37939.0|
| Episode: 522 | Epsilon:  0.10 | Reward: 200.0 | Average Reward: 143.300 | Steps: 38139| Total Reward: 38139.0|
| Episode: 523 | Epsilon:  0.10 | Reward: 200.0 | Average Reward: 143.300 | Steps: 38339| Total Reward: 38339.0|
| Episode: 524 | Epsilon:  0.10 | Reward: 200.0 | Average Reward: 143.300 | Steps: 38539| Total Reward: 38539.0|
| Episode: 525 | Epsilon:  0.10 | Reward: 200.0 | Average Reward: 143.300 | Steps: 38739| Total Reward: 38739.0|
| Episode: 526 | Epsilon:  0.10 | Reward: 200.0 | Average Reward: 143.300 | Steps: 38939| Total Reward: 38939.0|
| Episode: 527 | Epsilon:  0.10 | Reward: 200.0 | Average Reward: 143.300 | Steps: 39139| Total Reward: 39139.0|
| Episode: 528 | Epsilon:  0.10 | Reward: 200.0 | Average Reward: 143.300 | Steps: 39339| Total Reward: 39339.0|
| Episode: 529 | Epsilon:  0.10 | Reward: 200.0 | Average Reward: 143.300 | Steps: 39539| Total Reward: 39539.0|
| Episode: 530 | Epsilon:  0.10 | Reward: 200.0 | Average Reward: 143.300 | Steps: 39739| Total Reward: 39739.0|
| Episode: 531 | Epsilon:  0.10 | Reward: 200.0 | Average Reward: 143.300 | Steps: 39939| Total Reward: 39939.0|
| Episode: 532 | Epsilon:  0.10 | Reward: 200.0 | Average Reward: 143.300 | Steps: 40139| Total Reward: 40139.0|
| Episode: 533 | Epsilon:  0.10 | Reward: 200.0 | Average Reward: 143.300 | Steps: 40339| Total Reward: 40339.0|
| Episode: 534 | Epsilon:  0.10 | Reward: 200.0 | Average Reward: 143.300 | Steps: 40539| Total Reward: 40539.0|
| Episode: 535 | Epsilon:  0.10 | Reward: 200.0 | Average Reward: 143.300 | Steps: 40739| Total Reward: 40739.0|
| Episode: 536 | Epsilon:  0.10 | Reward: 200.0 | Average Reward: 143.300 | Steps: 40939| Total Reward: 40939.0|
| Episode: 537 | Epsilon:  0.10 | Reward: 200.0 | Average Reward: 143.300 | Steps: 41139| Total Reward: 41139.0|
| Episode: 538 | Epsilon:  0.10 | Reward: 200.0 | Average Reward: 143.300 | Steps: 41339| Total Reward: 41339.0|
| Episode: 539 | Epsilon:  0.10 | Reward: 200.0 | Average Reward: 145.110 | Steps: 41539| Total Reward: 41539.0|
| Episode: 540 | Epsilon:  0.10 | Reward: 200.0 | Average Reward: 146.930 | Steps: 41739| Total Reward: 41739.0|
| Episode: 541 | Epsilon:  0.10 | Reward: 200.0 | Average Reward: 146.930 | Steps: 41939| Total Reward: 41939.0|
| Episode: 542 | Epsilon:  0.10 | Reward: 200.0 | Average Reward: 146.930 | Steps: 42139| Total Reward: 42139.0|
| Episode: 543 | Epsilon:  0.10 | Reward: 200.0 | Average Reward: 146.930 | Steps: 42339| Total Reward: 42339.0|
| Episode: 544 | Epsilon:  0.10 | Reward: 200.0 | Average Reward: 146.930 | Steps: 42539| Total Reward: 42539.0|
| Episode: 545 | Epsilon:  0.10 | Reward: 200.0 | Average Reward: 146.930 | Steps: 42739| Total Reward: 42739.0|
| Episode: 546 | Epsilon:  0.10 | Reward: 200.0 | Average Reward: 146.930 | Steps: 42939| Total Reward: 42939.0|
| Episode: 547 | Epsilon:  0.10 | Reward: 200.0 | Average Reward: 146.930 | Steps: 43139| Total Reward: 43139.0|
| Episode: 548 | Epsilon:  0.10 | Reward: 200.0 | Average Reward: 146.930 | Steps: 43339| Total Reward: 43339.0|
| Episode: 549 | Epsilon:  0.10 | Reward: 200.0 | Average Reward: 146.930 | Steps: 43539| Total Reward: 43539.0|
| Episode: 550 | Epsilon:  0.10 | Reward: 200.0 | Average Reward: 146.930 | Steps: 43739| Total Reward: 43739.0|
| Episode: 551 | Epsilon:  0.10 | Reward: 200.0 | Average Reward: 146.930 | Steps: 43939| Total Reward: 43939.0|
| Episode: 552 | Epsilon:  0.10 | Reward: 200.0 | Average Reward: 146.930 | Steps: 44139| Total Reward: 44139.0|
| Episode: 553 | Epsilon:  0.10 | Reward: 200.0 | Average Reward: 146.930 | Steps: 44339| Total Reward: 44339.0|
| Episode: 554 | Epsilon:  0.10 | Reward: 200.0 | Average Reward: 147.920 | Steps: 44539| Total Reward: 44539.0|
| Episode: 555 | Epsilon:  0.10 | Reward: 200.0 | Average Reward: 147.920 | Steps: 44739| Total Reward: 44739.0|
| Episode: 556 | Epsilon:  0.10 | Reward: 200.0 | Average Reward: 147.920 | Steps: 44939| Total Reward: 44939.0|
| Episode: 557 | Epsilon:  0.10 | Reward: 200.0 | Average Reward: 149.690 | Steps: 45139| Total Reward: 45139.0|
| Episode: 558 | Epsilon:  0.10 | Reward: 200.0 | Average Reward: 151.470 | Steps: 45339| Total Reward: 45339.0|
| Episode: 559 | Epsilon:  0.10 | Reward: 200.0 | Average Reward: 151.470 | Steps: 45539| Total Reward: 45539.0|
| Episode: 560 | Epsilon:  0.10 | Reward: 200.0 | Average Reward: 152.320 | Steps: 45739| Total Reward: 45739.0|
| Episode: 561 | Epsilon:  0.10 | Reward: 200.0 | Average Reward: 152.320 | Steps: 45939| Total Reward: 45939.0|
| Episode: 562 | Epsilon:  0.10 | Reward: 200.0 | Average Reward: 154.120 | Steps: 46139| Total Reward: 46139.0|
| Episode: 563 | Epsilon:  0.10 | Reward: 200.0 | Average Reward: 154.120 | Steps: 46339| Total Reward: 46339.0|
| Episode: 564 | Epsilon:  0.10 | Reward: 200.0 | Average Reward: 154.120 | Steps: 46539| Total Reward: 46539.0|
| Episode: 565 | Epsilon:  0.10 | Reward: 200.0 | Average Reward: 154.120 | Steps: 46739| Total Reward: 46739.0|
| Episode: 566 | Epsilon:  0.10 | Reward: 200.0 | Average Reward: 155.950 | Steps: 46939| Total Reward: 46939.0|
| Episode: 567 | Epsilon:  0.10 | Reward: 200.0 | Average Reward: 155.950 | Steps: 47139| Total Reward: 47139.0|
| Episode: 568 | Epsilon:  0.10 | Reward: 200.0 | Average Reward: 155.950 | Steps: 47339| Total Reward: 47339.0|
| Episode: 569 | Epsilon:  0.10 | Reward: 200.0 | Average Reward: 155.950 | Steps: 47539| Total Reward: 47539.0|
| Episode: 570 | Epsilon:  0.10 | Reward: 200.0 | Average Reward: 157.800 | Steps: 47739| Total Reward: 47739.0|
| Episode: 571 | Epsilon:  0.10 | Reward: 200.0 | Average Reward: 159.640 | Steps: 47939| Total Reward: 47939.0|
| Episode: 572 | Epsilon:  0.10 | Reward: 200.0 | Average Reward: 159.680 | Steps: 48139| Total Reward: 48139.0|
| Episode: 573 | Epsilon:  0.10 | Reward: 200.0 | Average Reward: 161.410 | Steps: 48339| Total Reward: 48339.0|
| Episode: 574 | Epsilon:  0.10 | Reward: 200.0 | Average Reward: 161.410 | Steps: 48539| Total Reward: 48539.0|
| Episode: 575 | Epsilon:  0.10 | Reward: 200.0 | Average Reward: 163.220 | Steps: 48739| Total Reward: 48739.0|
| Episode: 576 | Epsilon:  0.10 | Reward: 200.0 | Average Reward: 164.270 | Steps: 48939| Total Reward: 48939.0|
| Episode: 577 | Epsilon:  0.10 | Reward: 200.0 | Average Reward: 164.750 | Steps: 49139| Total Reward: 49139.0|
| Episode: 578 | Epsilon:  0.10 | Reward: 200.0 | Average Reward: 166.070 | Steps: 49339| Total Reward: 49339.0|
| Episode: 579 | Epsilon:  0.10 | Reward: 200.0 | Average Reward: 167.360 | Steps: 49539| Total Reward: 49539.0|
| Episode: 580 | Epsilon:  0.10 | Reward: 200.0 | Average Reward: 168.780 | Steps: 49739| Total Reward: 49739.0|
| Episode: 581 | Epsilon:  0.10 | Reward: 200.0 | Average Reward: 169.280 | Steps: 49939| Total Reward: 49939.0|
| Episode: 582 | Epsilon:  0.10 | Reward: 200.0 | Average Reward: 169.280 | Steps: 50139| Total Reward: 50139.0|
| Episode: 583 | Epsilon:  0.10 | Reward: 200.0 | Average Reward: 170.520 | Steps: 50339| Total Reward: 50339.0|
| Episode: 584 | Epsilon:  0.10 | Reward: 200.0 | Average Reward: 172.000 | Steps: 50539| Total Reward: 50539.0|
| Episode: 585 | Epsilon:  0.10 | Reward: 200.0 | Average Reward: 172.000 | Steps: 50739| Total Reward: 50739.0|
| Episode: 586 | Epsilon:  0.10 | Reward: 200.0 | Average Reward: 173.720 | Steps: 50939| Total Reward: 50939.0|
| Episode: 587 | Epsilon:  0.10 | Reward: 200.0 | Average Reward: 175.080 | Steps: 51139| Total Reward: 51139.0|
| Episode: 588 | Epsilon:  0.10 | Reward: 200.0 | Average Reward: 176.090 | Steps: 51339| Total Reward: 51339.0|
| Episode: 589 | Epsilon:  0.10 | Reward: 200.0 | Average Reward: 176.720 | Steps: 51539| Total Reward: 51539.0|
| Episode: 590 | Epsilon:  0.10 | Reward: 200.0 | Average Reward: 178.560 | Steps: 51739| Total Reward: 51739.0|
| Episode: 591 | Epsilon:  0.10 | Reward: 200.0 | Average Reward: 179.250 | Steps: 51939| Total Reward: 51939.0|
| Episode: 592 | Epsilon:  0.10 | Reward: 200.0 | Average Reward: 179.660 | Steps: 52139| Total Reward: 52139.0|
| Episode: 593 | Epsilon:  0.10 | Reward: 200.0 | Average Reward: 180.390 | Steps: 52339| Total Reward: 52339.0|
| Episode: 594 | Epsilon:  0.10 | Reward: 200.0 | Average Reward: 180.390 | Steps: 52539| Total Reward: 52539.0|
| Episode: 595 | Epsilon:  0.10 | Reward: 200.0 | Average Reward: 180.410 | Steps: 52739| Total Reward: 52739.0|
| Episode: 596 | Epsilon:  0.10 | Reward: 200.0 | Average Reward: 180.430 | Steps: 52939| Total Reward: 52939.0|
| Episode: 597 | Epsilon:  0.10 | Reward: 200.0 | Average Reward: 180.430 | Steps: 53139| Total Reward: 53139.0|
| Episode: 598 | Epsilon:  0.10 | Reward: 200.0 | Average Reward: 181.710 | Steps: 53339| Total Reward: 53339.0|
| Episode: 599 | Epsilon:  0.10 | Reward: 200.0 | Average Reward: 181.710 | Steps: 53539| Total Reward: 53539.0|
| Episode: 600 | Epsilon:  0.10 | Reward: 200.0 | Average Reward: 183.460 | Steps: 53739| Total Reward: 53739.0|
| Episode: 601 | Epsilon:  0.10 | Reward: 200.0 | Average Reward: 185.310 | Steps: 53939| Total Reward: 53939.0|
| Episode: 602 | Epsilon:  0.10 | Reward: 200.0 | Average Reward: 186.380 | Steps: 54139| Total Reward: 54139.0|
| Episode: 603 | Epsilon:  0.10 | Reward: 200.0 | Average Reward: 187.300 | Steps: 54339| Total Reward: 54339.0|
| Episode: 604 | Epsilon:  0.10 | Reward: 200.0 | Average Reward: 188.380 | Steps: 54539| Total Reward: 54539.0|
| Episode: 605 | Epsilon:  0.10 | Reward: 200.0 | Average Reward: 189.250 | Steps: 54739| Total Reward: 54739.0|
| Episode: 606 | Epsilon:  0.10 | Reward:  26.0 | Average Reward: 188.840 | Steps: 54765| Total Reward: 54765.0|
| Episode: 607 | Epsilon:  0.10 | Reward: 200.0 | Average Reward: 190.240 | Steps: 54965| Total Reward: 54965.0|
| Episode: 608 | Epsilon:  0.10 | Reward: 200.0 | Average Reward: 191.690 | Steps: 55165| Total Reward: 55165.0|
| Episode: 609 | Epsilon:  0.10 | Reward: 200.0 | Average Reward: 193.050 | Steps: 55365| Total Reward: 55365.0|
| Episode: 610 | Epsilon:  0.10 | Reward: 200.0 | Average Reward: 194.500 | Steps: 55565| Total Reward: 55565.0|
| Episode: 611 | Epsilon:  0.10 | Reward: 200.0 | Average Reward: 195.840 | Steps: 55765| Total Reward: 55765.0|
| Episode: 612 | Epsilon:  0.10 | Reward: 200.0 | Average Reward: 196.170 | Steps: 55965| Total Reward: 55965.0|
| Episode: 613 | Epsilon:  0.10 | Reward: 200.0 | Average Reward: 197.330 | Steps: 56165| Total Reward: 56165.0|
| Episode: 614 | Epsilon:  0.10 | Reward: 200.0 | Average Reward: 198.170 | Steps: 56365| Total Reward: 56365.0|
| Episode: 615 | Epsilon:  0.10 | Reward: 200.0 | Average Reward: 198.170 | Steps: 56565| Total Reward: 56565.0|
| Episode: 616 | Epsilon:  0.10 | Reward: 200.0 | Average Reward: 198.170 | Steps: 56765| Total Reward: 56765.0|
| Episode: 617 | Epsilon:  0.10 | Reward: 200.0 | Average Reward: 198.170 | Steps: 56965| Total Reward: 56965.0|
| Episode: 618 | Epsilon:  0.10 | Reward: 200.0 | Average Reward: 198.170 | Steps: 57165| Total Reward: 57165.0|
| Episode: 619 | Epsilon:  0.10 | Reward: 200.0 | Average Reward: 198.170 | Steps: 57365| Total Reward: 57365.0|
| Episode: 620 | Epsilon:  0.10 | Reward: 200.0 | Average Reward: 198.170 | Steps: 57565| Total Reward: 57565.0|
| Episode: 621 | Epsilon:  0.10 | Reward: 200.0 | Average Reward: 198.260 | Steps: 57765| Total Reward: 57765.0|
| Episode: 622 | Epsilon:  0.10 | Reward: 200.0 | Average Reward: 198.260 | Steps: 57965| Total Reward: 57965.0|
| Episode: 623 | Epsilon:  0.10 | Reward: 200.0 | Average Reward: 198.260 | Steps: 58165| Total Reward: 58165.0|
| Episode: 624 | Epsilon:  0.10 | Reward: 200.0 | Average Reward: 198.260 | Steps: 58365| Total Reward: 58365.0|
| Episode: 625 | Epsilon:  0.10 | Reward: 138.0 | Average Reward: 197.640 | Steps: 58503| Total Reward: 58503.0|
| Episode: 626 | Epsilon:  0.10 | Reward: 200.0 | Average Reward: 197.640 | Steps: 58703| Total Reward: 58703.0|
| Episode: 627 | Epsilon:  0.10 | Reward:  70.0 | Average Reward: 196.340 | Steps: 58773| Total Reward: 58773.0|
| Episode: 628 | Epsilon:  0.10 | Reward: 200.0 | Average Reward: 196.340 | Steps: 58973| Total Reward: 58973.0|
| Episode: 629 | Epsilon:  0.10 | Reward: 200.0 | Average Reward: 196.340 | Steps: 59173| Total Reward: 59173.0|
| Episode: 630 | Epsilon:  0.10 | Reward: 200.0 | Average Reward: 196.340 | Steps: 59373| Total Reward: 59373.0|
| Episode: 631 | Epsilon:  0.10 | Reward: 200.0 | Average Reward: 196.340 | Steps: 59573| Total Reward: 59573.0|
| Episode: 632 | Epsilon:  0.10 | Reward: 200.0 | Average Reward: 196.340 | Steps: 59773| Total Reward: 59773.0|